"time_offset_sec","BS_1","BS_10","BS_11","BS_2","BS_3","BS_4","BS_5","BS_6","BS_7","BS_8","BS_9"
0,12,9,12,10,5,12,11,13,5,4,7
1,12,9,12,10,5,11,11,14,5,4,7
2,12,9,12,10,5,11,11,14,5,4,7
3,12,9,12,10,5,11,11,14,5,4,7
4,12,9,12,10,5,11,11,14,5,4,7
5,12,9,12,10,5,11,11,14,5,4,7
6,12,9,12,10,5,11,11,14,5,4,7
7,12,9,12,10,5,11,11,14,5,4,7
8,12,9,12,10,5,11,11,14,5,4,7
9,12,9,12,10,5,11,11,14,5,4,7
10,12,9,12,11,5,11,11,14,4,4,7
11,12,9,12,11,5,11,11,14,4,4,7
12,12,9,12,11,5,11,11,14,4,4,7
13,12,9,12,11,5,11,11,14,4,4,7
14,12,9,12,11,5,11,11,14,4,4,7
15,12,9,12,11,5,11,11,14,4,4,7
16,12,9,12,11,5,11,11,14,4,4,7
17,12,9,12,11,5,11,11,14,4,4,7
18,12,9,12,11,5,11,11,14,4,4,7
19,12,9,12,11,5,11,11,14,4,4,7
20,12,9,12,11,5,11,11,14,4,4,7
21,12,9,12,11,5,11,11,14,4,4,7
22,12,9,12,11,5,11,11,14,4,4,7
23,12,9,12,11,5,11,11,14,4,4,7
24,13,9,12,11,5,11,11,13,4,4,7
25,13,9,12,11,5,11,11,13,4,4,7
26,13,9,12,11,5,11,11,13,4,4,7
27,13,9,12,11,5,11,11,13,4,4,7
28,13,9,12,11,5,11,11,13,4,4,7
29,12,9,12,11,5,11,11,14,4,4,7
30,13,9,12,11,5,11,11,13,4,4,7
31,13,9,12,11,5,11,11,13,4,4,7
32,13,9,12,10,5,11,11,13,5,4,7
33,12,9,12,10,5,11,11,14,5,4,7
34,12,9,12,10,5,11,11,14,5,4,7
35,12,9,12,11,5,11,11,14,4,4,7
36,12,9,12,11,5,11,11,14,4,4,7
37,12,9,12,11,5,11,11,14,4,4,7
38,13,10,12,10,5,11,10,13,5,4,7
39,12,9,12,11,5,11,11,14,4,4,7
40,13,10,12,11,5,11,10,13,4,4,7
41,13,10,12,10,5,11,10,13,5,4,7
42,12,10,12,10,5,11,10,14,5,4,7
43,12,9,12,10,5,11,11,14,5,4,7
44,12,9,12,10,5,11,11,14,5,4,7
45,12,9,12,11,5,11,11,14,4,4,7
46,13,10,12,10,5,11,10,13,5,4,7
47,12,10,12,11,5,11,10,14,4,4,7
48,13,10,12,11,5,11,10,13,4,4,7
49,13,10,12,11,5,12,10,12,4,4,7
50,12,9,12,11,5,12,11,13,4,4,7
51,12,9,12,10,5,12,11,13,5,4,7
52,12,9,12,9,5,11,11,14,6,4,7
53,12,9,12,10,5,11,11,14,5,4,7
54,12,9,12,10,5,11,11,14,5,4,7
55,13,9,12,11,5,11,11,13,4,4,7
56,13,9,12,9,5,11,11,13,6,4,7
57,13,9,12,9,5,11,11,13,6,4,7
58,12,9,12,9,5,12,11,13,6,4,7
59,12,10,12,9,5,12,10,13,6,4,7
60,12,10,12,9,5,12,10,13,6,4,7
61,12,10,12,9,5,12,10,13,6,4,7
62,12,10,12,9,5,12,10,13,6,4,7
63,12,10,12,9,5,11,10,14,6,4,7
64,12,10,12,9,5,10,10,15,6,4,7
65,12,10,12,9,5,10,10,15,6,4,7
66,12,10,12,9,5,11,10,14,6,4,7
67,12,10,12,9,5,11,10,14,6,4,7
68,11,10,12,10,5,11,10,15,5,4,7
69,11,10,12,10,5,11,10,15,5,4,7
70,11,10,12,9,5,12,10,14,6,4,7
71,13,10,12,9,5,12,10,12,6,4,7
72,13,10,12,9,5,12,10,12,6,4,7
73,13,10,12,9,5,12,10,12,6,4,7
74,13,10,12,9,5,11,10,13,6,4,7
75,13,10,12,9,5,12,10,12,6,4,7
76,13,10,12,9,5,11,10,13,6,4,7
77,13,10,12,9,5,12,10,12,6,4,7
78,13,10,12,9,5,12,10,12,6,4,7
79,13,10,12,10,5,11,10,13,5,4,7
80,13,10,12,10,5,11,10,13,5,4,7
81,13,10,12,10,5,11,10,13,5,4,7
82,13,10,12,10,5,11,10,13,5,4,7
83,13,10,12,10,5,11,10,13,5,4,7
84,13,10,12,10,5,11,10,13,5,4,7
85,13,10,12,9,5,10,10,14,6,4,7
86,13,10,12,10,5,10,10,14,5,4,7
87,13,10,12,10,5,10,10,14,5,4,7
88,13,10,12,10,5,10,10,14,5,4,7
89,13,10,12,10,5,10,10,14,5,4,7
90,12,10,12,9,6,10,10,15,5,4,7
91,13,10,12,9,6,11,10,13,5,4,7
92,13,10,12,9,6,11,10,13,5,4,7
93,12,10,12,9,6,10,10,15,5,4,7
94,12,10,12,10,5,10,10,15,5,4,7
95,12,10,12,10,5,10,10,15,5,4,7
96,13,10,12,9,6,10,10,14,5,4,7
97,12,10,12,9,6,11,10,14,5,4,7
98,12,10,12,9,6,11,10,14,5,4,7
99,12,10,12,9,6,11,10,14,5,4,7
100,12,10,12,9,6,11,10,14,5,4,7
101,12,10,12,9,6,11,10,14,5,4,7
102,12,10,12,9,6,11,10,14,5,4,7
103,12,10,12,9,6,11,10,14,5,4,7
104,12,10,12,9,6,11,10,14,5,4,7
105,12,10,12,9,6,11,10,14,5,4,7
106,12,10,12,9,6,11,10,14,5,4,7
107,12,10,12,9,6,11,10,14,5,4,7
108,12,10,12,10,5,11,10,14,5,4,7
109,12,10,12,10,5,11,10,14,5,4,7
110,12,10,12,10,5,11,10,14,5,4,7
111,12,10,12,10,5,11,10,14,5,4,7
112,12,10,12,10,5,11,10,14,5,4,7
113,12,10,12,11,5,11,10,14,4,4,7
114,12,10,12,10,5,11,10,14,5,4,7
115,12,10,12,10,5,11,10,14,5,4,7
116,12,10,12,11,5,11,10,14,4,4,7
117,12,10,12,11,5,11,10,14,4,4,7
118,12,10,12,11,5,11,10,14,4,4,7
119,12,10,12,10,5,11,10,14,5,4,7
120,12,10,12,10,5,11,10,14,5,4,7
121,12,10,12,9,5,11,10,14,6,4,7
122,12,10,12,9,5,11,10,14,6,4,7
123,12,10,12,10,5,11,10,14,5,4,7
124,12,10,12,10,5,11,10,14,5,4,7
125,12,10,12,10,5,11,10,14,5,4,7
126,12,9,12,10,5,11,11,14,5,4,7
127,12,10,12,10,5,11,10,14,5,4,7
128,12,10,12,10,5,11,10,14,5,4,7
129,12,10,12,9,5,11,10,14,6,4,7
130,12,10,12,9,5,11,10,14,6,4,7
131,12,10,12,9,5,11,10,14,6,4,7
132,12,10,12,9,5,11,10,14,6,4,7
133,12,10,12,10,5,11,10,14,5,4,7
134,12,10,12,10,5,11,10,14,5,4,7
135,12,10,12,10,5,11,10,14,5,4,7
136,12,10,12,10,5,11,10,14,5,4,7
137,12,10,12,10,5,12,10,13,5,4,7
138,12,10,12,10,5,11,10,14,5,4,7
139,12,10,12,10,5,11,10,14,5,4,7
140,12,10,12,10,5,11,10,14,5,4,7
141,12,9,12,10,5,12,11,13,5,4,7
142,12,10,12,10,5,12,10,13,5,4,7
143,12,10,12,10,5,12,10,13,5,4,7
144,12,10,12,10,5,12,10,13,5,4,7
145,12,10,12,10,5,12,10,13,5,4,7
146,12,10,12,10,5,12,10,13,5,4,7
147,12,10,12,10,5,12,10,13,5,4,7
148,12,10,12,11,4,12,10,13,5,4,7
149,12,10,12,11,4,12,10,13,5,4,7
150,12,10,12,11,4,12,10,13,5,4,7
151,12,10,12,11,4,12,10,13,5,4,7
152,12,10,12,11,4,12,10,13,5,4,7
153,12,10,12,11,4,12,10,13,5,4,7
154,12,10,12,11,4,12,10,13,5,4,7
155,12,10,12,10,5,12,10,13,5,4,7
156,12,10,12,10,5,12,10,13,5,4,7
157,12,10,12,10,5,12,10,13,5,4,7
158,12,10,12,10,5,12,10,13,5,4,7
159,12,10,12,10,5,12,10,13,5,4,7
160,12,10,12,10,5,12,10,13,5,4,7
161,12,10,12,10,5,12,10,13,5,4,7
162,12,10,12,11,4,12,10,13,5,4,7
163,12,10,12,11,4,12,10,13,5,4,7
164,12,10,12,11,4,11,10,14,5,4,7
165,12,10,12,11,4,12,10,13,5,4,7
166,12,10,12,11,4,12,10,13,5,4,7
167,12,10,12,11,4,12,10,13,5,4,7
168,12,10,12,11,4,12,10,13,5,4,7
169,12,10,12,11,4,12,10,13,5,4,7
170,12,10,12,11,4,12,10,13,5,4,7
171,12,10,12,11,4,12,10,13,5,4,7
172,12,10,12,11,4,12,10,13,5,4,7
173,12,10,12,11,4,12,10,13,5,4,7
174,12,10,12,11,4,12,10,13,5,4,7
175,12,10,12,11,4,12,10,13,5,4,7
176,12,10,12,11,4,11,10,14,5,4,7
177,12,10,12,11,4,12,10,13,5,4,7
178,12,10,12,11,4,12,10,13,5,4,7
179,12,10,12,11,4,11,10,14,5,4,7
180,12,10,12,11,4,11,10,14,5,4,7
181,12,10,12,11,4,11,10,14,5,4,7
182,12,10,12,11,4,11,10,14,5,4,7
183,12,10,12,11,4,11,10,14,5,4,7
184,12,10,12,11,4,11,10,14,5,4,7
185,12,10,12,11,4,11,10,14,5,4,7
186,12,10,12,11,4,11,10,14,5,4,7
187,12,10,12,11,4,11,10,14,5,4,7
188,12,10,12,11,4,11,10,14,5,4,7
189,12,10,12,11,4,11,10,14,5,4,7
190,12,10,12,11,4,11,10,14,5,4,7
191,12,10,12,11,4,11,10,14,5,4,7
192,12,10,12,11,4,11,10,14,5,4,7
193,12,10,12,10,4,12,10,13,6,4,7
194,12,10,12,10,4,12,10,13,6,4,7
195,12,10,12,10,4,11,10,14,6,4,7
196,12,10,12,10,4,11,10,14,6,4,7
197,12,10,12,10,4,11,10,14,6,4,7
198,12,10,12,10,4,11,10,14,6,4,7
199,12,10,12,10,4,11,10,14,6,4,7
200,12,10,12,10,4,11,10,14,6,4,7
201,13,10,12,10,4,11,10,13,6,4,7
202,13,10,12,10,4,11,10,13,6,4,7
203,13,10,12,10,4,11,10,13,6,4,7
204,13,10,12,10,4,11,10,13,6,4,7
205,13,10,12,10,4,11,10,13,6,4,7
206,13,10,12,10,4,11,10,13,6,4,7
207,13,10,12,10,4,10,10,14,6,4,7
208,12,10,12,10,4,11,10,14,6,4,7
209,13,10,12,10,4,12,10,12,6,4,7
210,13,10,12,10,4,12,10,12,6,4,7
211,13,10,12,10,4,12,10,12,6,4,7
212,13,10,12,10,4,12,10,12,6,4,7
213,13,10,12,10,4,12,10,12,6,4,7
214,13,10,12,10,4,12,10,12,6,4,7
215,13,10,12,10,4,12,10,12,6,4,7
216,13,10,12,10,4,12,10,12,6,4,7
217,13,10,12,10,4,12,10,12,6,4,7
218,13,10,12,10,4,12,10,12,6,4,7
219,13,10,12,10,4,12,10,12,6,4,7
220,13,10,12,10,4,12,10,12,6,4,7
221,13,10,12,10,4,12,10,12,6,4,7
222,13,10,12,10,4,12,10,12,6,4,7
223,13,10,12,10,4,12,10,12,6,4,7
224,13,10,12,10,4,12,10,12,6,4,7
225,13,10,12,10,4,12,10,12,6,4,7
226,13,10,12,10,4,12,10,12,6,4,7
227,13,10,12,10,4,12,10,12,6,4,7
228,13,10,12,10,4,12,10,12,6,4,7
229,14,10,12,10,4,11,10,12,6,4,7
230,14,10,12,10,4,11,10,12,6,4,7
231,14,10,12,10,4,12,10,11,6,4,7
232,14,10,12,10,4,12,10,11,6,4,7
233,14,10,12,10,4,12,10,11,6,4,7
234,14,10,12,10,4,12,10,11,6,4,7
235,14,10,12,10,4,12,10,11,6,4,7
236,14,10,12,10,4,12,10,11,6,4,7
237,14,10,12,10,4,11,10,12,6,4,7
238,14,10,12,10,4,11,10,12,6,4,7
239,14,10,12,10,4,11,10,12,6,4,7
240,14,10,12,11,4,12,10,11,5,4,7
241,13,10,12,10,4,12,10,12,6,4,7
242,13,10,12,11,4,12,10,12,5,4,7
243,13,10,12,11,4,12,10,12,5,4,7
244,13,10,12,11,4,12,10,12,5,4,7
245,12,10,12,10,4,12,10,13,6,4,7
246,12,10,12,10,4,12,10,13,6,4,7
247,13,10,12,10,4,12,10,12,6,4,7
248,14,10,12,10,4,12,10,11,6,4,7
249,14,10,12,10,4,12,10,11,6,4,7
250,13,10,12,10,4,12,10,12,6,4,7
251,12,10,12,10,4,11,10,14,6,4,7
252,13,10,12,10,4,12,10,12,6,4,7
253,12,10,12,10,4,12,10,13,6,4,7
254,12,10,12,10,4,12,10,13,6,4,7
255,12,10,12,10,4,12,10,13,6,4,7
256,12,10,12,10,4,12,10,13,6,4,7
257,12,10,12,10,4,12,10,13,6,4,7
258,12,10,12,10,4,12,10,13,6,4,7
259,12,10,12,10,4,12,10,13,6,4,7
260,13,10,12,10,4,12,10,12,6,4,7
261,13,10,12,10,4,12,10,12,6,4,7
262,13,10,12,10,4,12,10,12,6,4,7
263,13,10,12,10,4,12,10,12,6,4,7
264,13,10,12,10,4,12,10,12,6,4,7
265,13,10,12,10,4,12,10,12,6,4,7
266,13,10,12,10,4,11,10,13,6,4,7
267,13,10,12,10,4,11,10,13,6,4,7
268,13,10,12,10,4,11,10,13,6,4,7
269,13,10,12,10,4,11,10,13,6,4,7
270,13,10,12,10,4,11,10,13,6,4,7
271,13,10,12,10,4,12,10,12,6,4,7
272,13,10,12,10,4,11,10,13,6,4,7
273,13,10,12,10,4,11,10,13,6,4,7
274,13,10,12,10,4,11,10,13,6,4,7
275,13,10,12,10,4,11,10,13,6,4,7
276,12,10,12,10,4,11,10,14,6,4,7
277,13,10,12,10,4,11,10,13,6,4,7
278,12,10,12,10,4,11,10,14,6,4,7
279,13,10,12,10,4,11,10,13,6,4,7
280,13,10,12,10,4,11,10,13,6,4,7
281,13,10,12,10,4,11,10,13,6,4,7
282,13,10,12,10,4,11,10,13,6,4,7
283,13,10,12,10,4,11,10,13,6,4,7
284,13,10,12,10,4,11,10,13,6,4,7
285,13,10,12,10,4,11,10,13,6,4,7
286,13,10,12,10,4,11,10,13,6,4,7
287,13,10,12,10,4,11,10,13,6,4,7
288,13,10,12,10,4,11,10,13,6,4,7
289,14,10,12,10,4,11,10,12,6,4,7
290,14,10,12,10,4,11,10,12,6,4,7
291,14,10,12,10,4,11,10,12,6,4,7
292,14,10,12,10,4,11,10,12,6,4,7
293,14,10,12,10,4,11,10,12,6,4,7
294,14,10,12,9,5,11,10,12,6,4,7
295,14,10,12,9,5,11,10,12,6,4,7
296,14,10,12,9,5,11,10,12,6,4,7
297,14,10,12,9,5,11,10,12,6,4,7
298,14,10,12,9,5,11,10,12,6,4,7
299,14,10,12,9,5,11,10,12,6,4,7
300,14,10,12,9,5,11,10,12,6,4,7
301,14,10,12,10,4,10,10,13,6,4,7
302,14,10,12,9,5,10,10,13,6,4,7
303,14,9,12,9,5,10,11,13,6,4,7
304,14,9,12,10,4,11,11,12,6,4,7
305,13,9,12,10,4,10,11,14,6,4,7
306,13,9,12,10,4,10,11,14,6,4,7
307,13,9,12,10,4,10,11,14,6,4,7
308,13,9,12,10,4,10,11,14,6,4,7
309,13,9,12,10,4,10,11,14,6,4,7
310,13,10,12,10,4,10,10,14,6,4,7
311,13,10,12,9,5,10,10,14,6,4,7
312,13,10,12,10,4,10,10,14,6,4,7
313,14,10,12,10,4,10,10,13,6,4,7
314,14,10,12,10,4,10,10,13,6,4,7
315,13,10,12,10,4,10,10,14,6,4,7
316,12,10,12,10,4,10,10,15,6,4,7
317,13,10,12,9,5,10,10,14,6,4,7
318,13,10,12,9,5,10,10,14,6,4,7
319,13,10,12,10,4,10,10,14,6,4,7
320,14,10,12,10,4,10,10,13,6,4,7
321,14,10,12,10,4,10,10,13,6,4,7
322,14,10,12,10,4,10,10,13,6,4,7
323,14,10,12,10,4,10,10,13,6,4,7
324,13,10,12,9,5,10,10,14,6,4,7
325,12,10,12,10,4,10,10,15,6,4,7
326,13,10,12,10,4,10,10,14,6,4,7
327,11,10,12,10,4,10,10,16,6,4,7
328,12,10,12,10,4,10,10,15,6,4,7
329,12,10,12,10,4,10,10,15,6,4,7
330,13,10,12,10,4,10,10,14,6,4,7
331,13,10,12,10,4,10,10,14,6,4,7
332,12,10,12,10,4,10,10,15,6,4,7
333,12,10,12,10,4,10,10,15,6,4,7
334,12,10,12,10,4,10,10,15,6,4,7
335,11,10,12,10,4,10,10,16,6,4,7
336,11,10,12,10,4,10,10,16,6,4,7
337,11,10,12,10,4,10,10,16,6,4,7
338,11,10,12,10,4,10,10,16,6,4,7
339,12,10,12,9,4,10,10,15,7,4,7
340,12,10,12,10,4,10,10,15,6,4,7
341,12,10,12,8,5,10,10,15,7,4,7
342,12,10,12,8,5,10,10,15,7,4,7
343,12,10,12,8,5,10,10,15,7,4,7
344,12,10,12,8,5,10,10,15,7,4,7
345,11,10,12,8,5,10,10,16,7,4,7
346,11,10,12,8,5,10,10,16,7,4,7
347,11,10,12,8,5,10,10,16,7,4,7
348,11,10,12,8,5,10,10,16,7,4,7
349,11,10,12,8,5,10,10,16,7,4,7
350,11,10,12,9,4,10,10,16,7,4,7
351,11,10,12,9,4,10,10,16,7,4,7
352,11,10,12,9,4,10,10,16,7,4,7
353,11,10,12,9,4,10,10,16,7,4,7
354,11,10,12,9,4,10,10,16,7,4,7
355,12,10,12,9,4,10,10,15,7,4,7
356,12,10,12,9,4,10,10,15,7,4,7
357,12,10,12,9,4,10,10,15,7,4,7
358,12,10,12,9,4,10,10,15,7,4,7
359,12,10,12,9,4,10,10,15,7,4,7
360,10,10,12,9,4,10,10,17,7,4,7
361,12,10,12,9,4,10,10,15,7,4,7
362,11,10,12,9,4,10,10,16,7,4,7
363,11,11,12,9,4,10,10,16,7,4,6
364,11,11,12,9,4,10,10,16,7,4,6
365,11,11,12,9,4,10,10,16,7,4,6
366,12,10,12,9,4,10,10,15,7,4,7
367,12,10,12,9,4,10,10,15,7,4,7
368,11,10,12,9,4,10,10,16,7,4,7
369,11,10,12,9,4,10,10,16,7,4,7
370,11,11,12,9,4,10,10,16,7,4,6
371,11,11,12,9,4,10,10,16,7,4,6
372,11,10,12,9,4,10,10,16,7,4,7
373,11,10,12,9,4,10,10,16,7,4,7
374,11,10,12,9,4,10,10,16,7,4,7
375,11,10,12,9,4,10,10,16,7,4,7
376,12,10,12,9,4,10,10,15,7,4,7
377,11,10,12,9,4,10,10,16,7,4,7
378,11,10,12,9,4,10,10,16,7,4,7
379,11,10,12,9,4,10,10,16,7,4,7
380,11,10,12,9,4,10,10,16,7,4,7
381,11,10,12,9,4,10,10,16,7,4,7
382,11,10,12,9,4,10,10,16,7,4,7
383,11,11,12,8,5,10,10,16,7,4,6
384,10,11,12,8,5,10,10,17,7,4,6
385,10,11,12,8,5,10,10,17,7,4,6
386,10,11,12,8,5,10,10,17,7,4,6
387,10,11,12,8,5,10,10,17,7,4,6
388,11,11,12,8,5,10,10,16,7,4,6
389,11,11,12,8,5,10,10,16,7,4,6
390,11,11,12,8,5,10,10,16,7,4,6
391,11,11,12,8,5,10,10,16,7,4,6
392,12,11,12,8,5,10,10,15,7,4,6
393,11,11,12,8,5,10,10,16,7,4,6
394,12,11,12,8,5,10,10,15,7,4,6
395,12,11,12,8,5,10,10,15,7,4,6
396,12,11,12,8,5,10,10,15,7,4,6
397,12,11,12,8,5,10,10,15,7,4,6
398,12,11,12,8,5,10,10,15,7,4,6
399,12,11,12,8,5,10,10,15,7,4,6
400,12,11,12,8,5,11,10,14,7,4,6
401,12,11,12,9,4,11,10,14,7,4,6
402,12,11,12,9,4,10,10,15,7,4,6
403,12,11,12,10,4,11,10,14,6,4,6
404,12,11,12,9,4,11,10,14,7,4,6
405,12,11,12,9,5,11,10,14,6,4,6
406,12,11,12,9,5,11,10,14,6,4,6
407,12,11,12,9,5,11,10,14,6,4,6
408,12,11,12,9,5,11,10,14,6,4,6
409,12,11,12,9,5,11,10,14,6,4,6
410,12,11,12,9,5,11,10,14,6,4,6
411,12,11,12,9,4,12,9,14,6,5,6
412,12,11,12,9,5,11,10,14,6,4,6
413,12,11,12,9,5,10,9,15,6,5,6
414,12,11,12,9,5,11,9,14,6,5,6
415,12,11,12,9,5,11,9,14,6,5,6
416,12,11,12,9,5,11,9,14,6,5,6
417,12,11,12,9,5,11,9,14,6,5,6
418,12,11,12,9,5,10,9,15,6,5,6
419,12,11,12,9,5,11,9,14,6,5,6
420,12,11,12,9,5,10,9,15,6,5,6
421,12,11,12,9,5,11,9,14,6,5,6
422,12,11,12,9,4,12,9,14,6,5,6
423,12,11,12,9,4,12,9,14,6,5,6
424,12,11,12,9,4,12,9,14,6,5,6
425,12,11,12,9,4,11,9,15,6,5,6
426,12,11,12,9,4,11,10,15,6,4,6
427,12,11,12,9,4,11,10,15,6,4,6
428,12,11,12,9,4,11,10,15,6,4,6
429,12,11,12,9,5,10,10,15,6,4,6
430,12,11,12,9,5,11,9,14,6,5,6
431,12,11,12,9,5,11,9,14,6,5,6
432,12,11,12,9,5,10,9,15,6,5,6
433,12,11,12,9,5,10,9,15,6,5,6
434,12,11,12,9,5,10,9,15,6,5,6
435,12,11,12,9,5,10,9,15,6,5,6
436,12,11,12,9,5,10,9,15,6,5,6
437,12,11,12,9,4,11,9,15,6,5,6
438,12,11,12,9,5,10,9,15,6,5,6
439,12,11,12,9,4,11,9,15,6,5,6
440,12,11,12,9,5,11,9,14,6,5,6
441,12,11,12,9,5,10,9,15,6,5,6
442,12,11,12,9,5,10,10,15,6,4,6
443,12,11,12,9,5,10,10,15,6,4,6
444,12,11,12,9,5,11,10,14,6,4,6
445,12,11,12,9,5,11,10,14,6,4,6
446,12,11,12,9,5,11,10,14,6,4,6
447,12,11,12,9,5,10,10,15,6,4,6
448,12,11,12,9,5,10,10,15,6,4,6
449,12,11,12,9,5,10,10,15,6,4,6
450,12,11,12,9,5,10,10,15,6,4,6
451,12,11,12,9,5,10,10,15,6,4,6
452,13,11,12,9,5,10,10,14,6,4,6
453,13,11,12,9,5,11,9,13,6,5,6
454,13,11,12,9,5,11,9,13,6,5,6
455,13,11,12,9,5,11,9,13,6,5,6
456,13,10,12,9,5,11,9,13,6,5,7
457,12,11,12,9,5,11,9,14,6,5,6
458,12,11,12,9,5,11,9,14,6,5,6
459,12,11,12,9,5,11,9,14,6,5,6
460,12,11,12,9,5,11,9,14,6,5,6
461,13,11,12,9,5,11,9,13,6,5,6
462,13,11,12,9,5,11,9,13,6,5,6
463,13,11,12,9,5,11,9,13,6,5,6
464,13,11,12,9,5,11,9,13,6,5,6
465,13,11,12,9,5,11,9,13,6,5,6
466,13,11,12,9,5,11,9,13,6,5,6
467,13,11,12,9,5,11,9,13,6,5,6
468,13,11,12,9,5,11,9,13,6,5,6
469,13,11,12,9,5,11,9,13,6,5,6
470,13,11,12,9,5,11,9,13,6,5,6
471,13,11,12,9,5,11,9,13,6,5,6
472,13,11,12,9,5,11,9,13,6,5,6
473,13,11,12,9,5,11,9,13,6,5,6
474,13,11,12,9,5,11,9,13,6,5,6
475,13,11,12,9,5,11,9,13,6,5,6
476,13,11,12,9,5,11,9,13,6,5,6
477,13,11,12,9,5,11,9,13,6,5,6
478,13,11,12,9,5,11,9,13,6,5,6
479,13,11,12,9,5,12,9,12,6,5,6
480,13,11,12,9,5,12,9,12,6,5,6
481,13,11,12,9,5,12,9,12,6,5,6
482,13,11,12,9,5,11,9,13,6,5,6
483,13,11,12,9,5,11,9,13,6,5,6
484,13,11,12,9,5,11,9,13,6,5,6
485,13,11,12,9,5,11,9,13,6,5,6
486,13,11,12,9,5,11,9,13,6,5,6
487,13,11,12,9,5,12,9,12,6,5,6
488,13,11,12,9,5,12,9,12,6,5,6
489,13,11,12,9,5,11,9,13,6,5,6
490,13,11,12,9,5,11,9,13,6,5,6
491,13,11,12,9,5,11,9,13,6,5,6
492,13,11,12,9,5,11,9,13,6,5,6
493,13,11,12,9,5,11,9,13,6,5,6
494,13,11,12,9,5,11,9,13,6,5,6
495,13,11,12,9,5,11,9,13,6,5,6
496,13,11,12,9,5,11,9,13,6,5,6
497,13,11,12,9,5,11,9,13,6,5,6
498,13,11,12,9,5,11,9,13,6,5,6
499,13,11,12,9,5,11,9,13,6,5,6
500,13,11,12,9,5,11,9,13,6,5,6
501,13,11,12,9,5,11,9,13,6,5,6
502,13,11,12,9,5,11,9,13,6,5,6
503,13,11,12,9,5,11,9,13,6,5,6
504,13,11,12,9,5,11,9,13,6,5,6
505,13,11,12,9,5,11,9,13,6,5,6
506,13,11,12,9,5,11,9,13,6,5,6
507,13,11,12,9,5,11,9,13,6,5,6
508,13,11,12,9,5,11,9,13,6,5,6
509,13,11,12,9,5,11,9,13,6,5,6
510,13,11,12,9,5,11,9,13,6,5,6
511,13,11,12,9,5,11,9,13,6,5,6
512,13,11,12,9,5,11,9,13,6,5,6
513,13,11,12,9,5,11,9,13,6,5,6
514,13,11,12,9,5,11,9,13,6,5,6
515,13,11,12,9,5,11,9,13,6,5,6
516,13,11,12,9,5,11,9,13,6,5,6
517,13,11,12,9,5,11,9,13,6,5,6
518,13,11,12,9,5,11,9,13,6,5,6
519,13,11,12,9,5,11,9,13,6,5,6
520,13,11,12,9,5,11,9,13,6,5,6
521,13,11,12,9,5,11,9,13,6,5,6
522,13,11,12,9,5,11,9,13,6,5,6
523,13,11,12,9,5,11,9,13,6,5,6
524,13,11,12,9,5,11,9,13,6,5,6
525,13,11,12,9,5,11,9,13,6,5,6
526,13,11,12,9,5,11,9,13,6,5,6
527,13,11,12,9,5,11,9,13,6,5,6
528,13,11,12,9,5,11,9,13,6,5,6
529,13,11,12,9,5,11,9,13,6,5,6
530,13,11,12,9,5,11,9,13,6,5,6
531,13,11,12,9,5,11,9,13,6,5,6
532,13,11,12,9,5,11,9,13,6,5,6
533,13,11,12,9,5,11,9,13,6,5,6
534,13,11,12,9,5,11,9,13,6,5,6
535,13,11,12,9,5,11,9,13,6,5,6
536,13,11,12,9,5,11,9,13,6,5,6
537,13,11,12,9,5,11,9,13,6,5,6
538,13,11,12,9,5,11,9,13,6,5,6
539,13,11,12,9,5,11,9,13,6,5,6
540,13,11,12,9,5,11,9,13,6,5,6
541,13,11,12,9,5,11,9,13,6,5,6
542,13,11,12,9,5,11,9,13,6,5,6
543,13,11,12,9,5,11,9,13,6,5,6
544,13,11,12,9,5,11,9,13,6,5,6
545,13,11,12,9,5,11,9,13,6,5,6
546,13,11,12,9,5,11,9,13,6,5,6
547,13,11,12,9,5,11,9,13,6,5,6
548,13,11,12,9,5,11,9,13,6,5,6
549,13,11,12,9,5,11,9,13,6,5,6
550,13,11,12,9,5,11,9,13,6,5,6
551,13,11,12,9,5,11,9,13,6,5,6
552,13,11,12,9,5,11,9,13,6,5,6
553,13,11,12,9,5,11,9,13,6,5,6
554,13,11,12,9,5,11,9,13,6,5,6
555,13,11,12,9,5,11,9,13,6,5,6
556,13,11,12,9,5,11,9,13,6,5,6
557,13,11,12,9,5,11,9,13,6,5,6
558,13,11,12,9,5,11,9,13,6,5,6
559,13,11,12,9,5,11,9,13,6,5,6
560,13,11,12,9,5,11,9,13,6,5,6
561,13,11,12,9,5,11,9,13,6,5,6
562,13,11,12,9,5,11,9,13,6,5,6
563,13,11,12,9,5,11,9,13,6,5,6
564,13,11,12,9,5,11,9,13,6,5,6
565,13,11,12,9,5,11,9,13,6,5,6
566,13,11,12,9,5,11,9,13,6,5,6
567,13,11,12,9,5,11,9,13,6,5,6
568,13,11,12,9,5,11,9,13,6,5,6
569,13,11,12,9,5,11,9,13,6,5,6
570,13,11,12,9,5,11,9,13,6,5,6
571,13,11,12,9,5,11,9,13,6,5,6
572,13,11,12,9,5,11,9,13,6,5,6
573,13,11,12,9,5,11,9,13,6,5,6
574,13,11,12,9,5,11,9,13,6,5,6
575,13,11,12,9,5,11,9,13,6,5,6
576,13,11,12,9,5,11,9,13,6,5,6
577,13,11,12,9,5,11,9,13,6,5,6
578,13,11,12,9,5,11,9,13,6,5,6
579,13,11,12,9,5,11,9,13,6,5,6
580,13,11,12,9,5,11,9,13,6,5,6
581,13,11,12,9,5,11,9,13,6,5,6
582,13,11,12,9,5,11,9,13,6,5,6
583,13,11,12,9,5,11,9,13,6,5,6
584,13,11,12,9,5,11,9,13,6,5,6
585,13,11,12,9,5,11,9,13,6,5,6
586,13,11,12,9,5,11,9,13,6,5,6
587,13,11,12,9,5,11,9,13,6,5,6
588,13,11,12,9,5,11,9,13,6,5,6
589,13,11,12,10,4,11,9,13,6,5,6
590,13,11,12,9,5,11,9,13,6,5,6
591,13,11,12,9,5,11,9,13,6,5,6
592,13,11,12,9,5,11,9,13,6,5,6
593,13,11,12,9,5,11,9,13,6,5,6
594,13,11,12,9,5,11,9,13,6,5,6
595,13,11,12,9,5,11,9,13,6,5,6
596,13,11,12,9,5,11,9,13,6,5,6
597,13,11,12,9,5,11,9,13,6,5,6
598,13,11,12,9,5,11,9,13,6,5,6
599,13,11,12,9,5,11,9,13,6,5,6
600,13,11,12,9,5,11,9,13,6,5,6
601,13,11,12,9,5,12,9,12,6,5,6
602,13,11,12,9,5,12,9,12,6,5,6
603,13,11,12,8,6,12,9,12,6,5,6
604,13,11,12,8,6,12,9,12,6,5,6
605,13,11,12,8,6,12,9,12,6,5,6
606,13,11,12,8,6,12,9,12,6,5,6
607,13,11,12,8,6,12,9,12,6,5,6
608,13,11,12,8,6,12,9,12,6,5,6
609,13,11,12,9,5,12,9,12,6,5,6
610,13,11,12,9,5,12,9,12,6,5,6
611,13,11,12,9,5,12,9,12,6,5,6
612,13,11,12,9,5,12,9,12,6,5,6
613,13,11,12,8,6,12,9,12,6,5,6
614,13,11,12,8,6,12,9,12,6,5,6
615,13,11,12,8,6,12,9,12,6,5,6
616,13,11,12,8,6,12,9,12,6,5,6
617,13,11,12,9,5,12,9,12,6,5,6
618,13,11,12,8,6,12,9,12,6,5,6
619,13,11,12,8,6,12,9,12,6,5,6
620,13,11,12,9,5,12,9,12,6,5,6
621,13,11,12,8,6,12,9,12,6,5,6
622,13,11,12,8,6,12,9,12,6,5,6
623,13,11,12,8,6,11,9,13,6,5,6
624,13,11,12,8,6,11,9,13,6,5,6
625,13,10,12,8,6,12,10,12,6,5,6
626,13,10,12,8,6,11,10,13,6,5,6
627,13,10,12,8,6,12,10,12,6,5,6
628,13,10,12,8,6,11,10,13,6,5,6
629,13,10,12,8,6,11,10,13,6,5,6
630,13,10,12,8,6,11,10,13,6,5,6
631,13,10,12,8,6,11,10,13,6,5,6
632,13,10,12,8,6,11,10,13,6,5,6
633,13,10,12,8,6,11,10,13,6,5,6
634,13,10,12,8,6,11,10,13,6,5,6
635,13,10,12,8,6,11,10,13,6,5,6
636,13,10,12,8,6,11,10,13,6,5,6
637,13,10,12,8,6,11,10,13,6,5,6
638,13,10,12,8,6,11,10,13,6,5,6
639,13,10,12,8,6,11,10,13,6,5,6
640,13,10,12,8,6,11,10,13,6,5,6
641,13,10,12,8,6,11,10,13,6,5,6
642,12,10,12,8,6,11,10,14,6,5,6
643,13,10,12,8,6,11,10,13,6,5,6
644,12,11,12,8,6,11,9,14,6,5,6
645,13,11,12,8,6,11,9,13,6,5,6
646,13,11,12,8,6,11,9,13,6,5,6
647,13,11,12,8,6,11,9,13,6,5,6
648,12,11,12,8,6,11,10,13,6,5,6
649,13,11,12,8,6,11,9,13,6,5,6
650,13,11,12,8,6,11,9,13,6,5,6
651,12,11,12,8,6,11,9,14,6,5,6
652,12,11,12,8,6,11,9,14,6,5,6
653,12,11,12,8,6,11,9,14,6,5,6
654,13,11,12,8,6,11,9,13,6,5,6
655,12,11,12,8,6,11,9,14,6,5,6
656,12,11,12,8,6,11,9,14,6,5,6
657,12,11,12,8,6,11,9,14,6,5,6
658,12,11,12,8,6,11,9,14,6,5,6
659,12,11,12,8,6,11,9,14,6,5,6
660,12,11,12,8,6,11,9,14,6,5,6
661,13,11,12,8,6,11,9,13,6,5,6
662,12,11,12,8,6,11,9,14,6,5,6
663,12,11,12,8,6,11,9,14,6,5,6
664,12,11,12,8,6,11,9,14,6,5,6
665,12,11,12,8,6,11,9,14,6,5,6
666,12,11,12,8,6,11,9,14,6,5,6
667,12,11,12,8,6,11,9,14,6,5,6
668,13,11,12,8,6,11,9,13,6,5,6
669,12,11,12,8,6,11,9,14,6,5,6
670,12,11,12,8,6,11,9,14,6,5,6
671,12,11,12,8,6,11,9,14,6,5,6
672,12,11,12,8,6,10,9,15,6,5,6
673,13,11,12,8,6,10,9,14,6,5,6
674,12,11,12,8,6,10,9,15,6,5,6
675,12,11,12,8,6,10,9,15,6,5,6
676,12,11,12,8,6,10,9,15,6,5,6
677,12,11,12,8,6,10,9,15,6,5,6
678,12,11,12,8,6,10,9,15,6,5,6
679,12,10,12,8,6,10,10,15,6,5,6
680,12,10,12,8,6,10,10,15,6,5,6
681,13,10,12,8,6,10,10,14,6,5,6
682,13,10,12,8,6,10,10,14,6,5,6
683,13,9,12,8,6,10,10,15,6,5,6
684,14,9,12,8,6,10,10,14,6,5,6
685,14,9,12,8,6,10,10,14,6,5,6
686,14,10,12,8,6,10,9,14,6,5,6
687,14,9,12,8,6,10,10,14,6,5,6
688,14,9,12,8,6,10,10,14,6,5,6
689,14,9,12,8,6,10,10,14,6,5,6
690,14,10,12,8,6,10,9,14,6,5,6
691,14,10,12,8,6,10,9,14,6,5,6
692,14,10,12,8,6,10,9,14,6,5,6
693,13,10,12,8,6,9,10,15,6,5,6
694,14,9,12,8,6,10,10,14,6,5,6
695,14,9,12,8,6,10,10,14,6,5,6
696,14,9,12,8,6,10,10,14,6,5,6
697,14,9,12,8,6,10,10,14,6,5,6
698,14,9,12,8,6,10,10,14,6,5,6
699,14,9,12,8,6,10,10,14,6,5,6
700,14,9,12,8,6,10,10,14,6,5,6
701,14,9,12,8,6,10,10,14,6,5,6
702,14,9,12,7,6,10,10,15,6,5,6
703,13,9,12,7,6,10,10,16,6,5,6
704,14,9,12,7,6,10,10,15,6,5,6
705,14,9,12,7,6,10,10,15,6,5,6
706,14,9,12,7,6,10,10,15,6,5,6
707,14,9,12,7,6,10,10,15,6,5,6
708,14,9,12,7,6,10,10,15,6,5,6
709,14,9,12,7,6,10,10,15,6,5,6
710,14,9,12,7,6,10,10,15,6,5,6
711,14,9,12,7,6,10,10,15,6,5,6
712,13,10,12,7,6,10,10,15,6,5,6
713,13,10,12,7,6,10,10,15,6,5,6
714,13,10,12,7,6,10,10,15,6,5,6
715,13,10,12,7,6,10,10,15,6,5,6
716,13,10,12,7,6,10,10,15,6,5,6
717,13,10,12,7,6,10,10,15,6,5,6
718,13,10,12,7,6,10,10,15,6,5,6
719,13,10,12,7,6,10,10,15,6,5,6
720,13,10,12,7,6,10,10,15,6,5,6
721,13,10,12,7,6,10,10,15,6,5,6
722,13,10,12,7,6,10,10,15,6,5,6
723,13,10,12,7,6,10,10,15,6,5,6
724,13,10,12,7,6,10,10,15,6,5,6
725,13,10,12,7,6,10,10,15,6,5,6
726,13,10,12,7,6,10,10,15,6,5,6
727,13,10,12,8,6,10,10,14,6,5,6
728,13,10,12,8,6,10,10,14,6,5,6
729,12,10,12,8,6,10,10,15,6,5,6
730,12,10,12,8,6,10,10,15,6,5,6
731,12,10,12,8,6,10,10,15,6,5,6
732,12,10,12,8,6,10,10,15,6,5,6
733,12,10,12,8,6,10,10,15,6,5,6
734,12,10,12,8,6,10,10,15,6,5,6
735,12,10,12,8,6,10,10,15,6,5,6
736,12,10,12,8,6,10,10,15,6,5,6
737,12,10,12,8,6,10,10,15,6,5,6
738,12,11,12,8,6,10,9,15,6,5,6
739,12,11,12,8,6,10,9,15,6,5,6
740,12,11,12,8,6,10,9,15,6,5,6
741,12,11,12,8,6,10,9,15,6,5,6
742,12,11,12,8,6,10,9,15,6,5,6
743,12,11,12,8,6,10,9,15,6,5,6
744,12,11,12,8,6,10,9,15,6,5,6
745,13,11,12,8,6,10,9,14,6,5,6
746,13,11,12,8,6,10,9,14,6,5,6
747,13,11,12,8,6,10,9,14,6,5,6
748,13,11,12,8,6,10,9,14,6,5,6
749,13,11,12,8,6,10,9,14,6,5,6
750,13,11,12,8,6,10,9,14,6,5,6
751,13,11,12,8,6,10,9,14,6,5,6
752,13,11,12,8,6,10,9,14,6,5,6
753,12,11,12,8,6,10,9,15,6,5,6
754,12,11,12,8,6,10,9,15,6,5,6
755,13,11,12,8,6,10,9,14,6,5,6
756,13,11,12,8,6,10,9,14,6,5,6
757,13,11,12,8,6,10,9,14,6,5,6
758,13,11,12,8,6,10,9,14,6,5,6
759,12,11,12,8,6,10,9,15,6,5,6
760,12,11,12,8,6,10,9,15,6,5,6
761,12,11,12,8,6,10,9,15,6,5,6
762,12,11,12,8,6,10,9,15,6,5,6
763,12,11,12,8,6,10,9,15,6,5,6
764,12,11,12,8,6,10,9,15,6,5,6
765,12,11,12,8,6,10,9,15,6,5,6
766,12,11,12,8,6,10,9,15,6,5,6
767,12,11,12,8,6,10,9,15,6,5,6
768,12,11,12,8,6,10,9,15,6,5,6
769,12,11,12,8,6,10,9,15,6,5,6
770,12,11,12,8,6,10,9,15,6,5,6
771,12,11,12,8,6,10,9,15,6,5,6
772,12,11,12,8,6,10,9,15,6,5,6
773,12,11,12,8,6,10,9,15,6,5,6
774,13,11,12,8,6,10,9,14,6,5,6
775,13,11,12,8,6,10,9,14,6,5,6
776,13,11,12,8,6,10,9,14,6,5,6
777,13,11,12,8,6,10,9,14,6,5,6
778,12,11,12,8,6,10,9,15,6,5,6
779,12,10,12,8,6,10,10,15,6,5,6
780,12,11,12,8,6,10,9,15,6,5,6
781,12,11,12,8,6,10,9,15,6,5,6
782,12,11,12,8,6,10,9,15,6,5,6
783,12,11,12,8,6,10,9,15,6,5,6
784,12,11,12,8,6,10,9,15,6,5,6
785,12,11,12,8,6,10,9,15,6,5,6
786,12,11,12,8,6,10,9,15,6,5,6
787,12,11,12,8,6,10,9,15,6,5,6
788,12,11,12,8,6,10,9,15,6,5,6
789,12,11,12,8,6,10,9,15,6,5,6
790,12,11,12,8,6,10,9,15,6,5,6
791,12,11,12,8,6,10,9,15,6,5,6
792,12,11,12,8,6,10,9,15,6,5,6
793,12,11,12,8,6,10,9,15,6,5,6
794,12,11,12,8,6,10,9,15,6,5,6
795,12,10,12,8,6,10,9,15,6,5,7
796,12,10,12,8,6,9,9,16,6,5,7
797,12,10,12,8,6,9,9,16,6,5,7
798,12,10,12,8,6,9,9,16,6,5,7
799,12,10,12,8,6,10,9,15,6,5,7
800,12,10,12,8,6,10,9,15,6,5,7
801,12,11,12,8,6,10,9,15,6,5,6
802,12,10,12,8,6,10,9,15,6,5,7
803,12,10,12,8,6,10,9,15,6,5,7
804,12,10,12,8,6,9,9,16,6,5,7
805,12,10,12,8,6,9,9,16,6,5,7
806,12,10,12,8,6,9,9,16,6,5,7
807,12,10,12,8,6,9,9,16,6,5,7
808,13,10,12,8,6,9,9,15,6,5,7
809,13,10,12,8,6,9,9,15,6,5,7
810,13,10,12,8,6,9,9,15,6,5,7
811,12,10,12,8,6,9,9,16,6,5,7
812,13,11,12,8,6,9,9,15,6,5,6
813,12,11,12,8,6,9,9,16,6,5,6
814,12,11,12,8,6,9,9,16,6,5,6
815,12,11,12,8,6,9,9,16,6,5,6
816,12,11,12,8,6,9,9,16,6,5,6
817,12,10,12,8,6,9,9,16,6,5,7
818,12,10,12,8,6,9,9,16,6,5,7
819,12,10,12,8,6,9,9,16,6,5,7
820,12,10,12,8,6,9,9,16,6,5,7
821,12,9,12,8,6,9,10,16,6,5,7
822,13,9,12,8,6,9,10,15,6,5,7
823,13,10,12,8,6,9,9,15,6,5,7
824,13,10,12,8,6,9,9,15,6,5,7
825,13,11,12,8,6,9,9,15,6,5,6
826,13,11,12,8,6,9,9,15,6,5,6
827,13,10,12,8,6,9,10,15,6,5,6
828,13,10,12,8,6,9,10,15,6,5,6
829,13,10,12,8,6,9,10,15,6,5,6
830,13,11,12,8,6,10,9,14,6,5,6
831,13,11,12,8,6,10,9,14,6,5,6
832,13,10,12,8,6,10,9,14,6,5,7
833,13,10,12,8,6,10,9,14,6,5,7
834,13,11,12,8,6,10,9,14,6,5,6
835,13,11,12,8,6,10,9,14,6,5,6
836,13,11,12,8,6,10,9,14,6,5,6
837,13,11,12,8,6,10,9,14,6,5,6
838,13,11,12,8,6,10,9,14,6,5,6
839,13,10,12,8,6,10,9,14,6,5,7
840,13,10,12,8,6,10,9,14,6,5,7
841,13,10,12,8,6,10,9,14,6,5,7
842,13,10,12,8,6,10,9,14,6,5,7
843,13,10,12,8,6,10,9,14,6,5,7
844,13,9,12,8,6,10,10,14,6,5,7
845,13,10,12,8,6,10,9,14,6,5,7
846,13,10,12,8,6,10,9,14,6,5,7
847,13,9,12,8,6,10,10,14,6,5,7
848,13,10,12,8,6,10,9,14,6,5,7
849,13,10,12,8,6,11,9,13,6,5,7
850,13,10,12,8,6,11,9,13,6,5,7
851,13,10,12,8,6,11,9,13,6,5,7
852,13,10,12,8,6,11,9,13,6,5,7
853,13,10,12,8,6,11,9,13,6,5,7
854,13,10,12,8,6,11,9,13,6,5,7
855,13,10,12,8,6,11,9,13,6,5,7
856,13,10,12,8,5,11,9,14,6,5,7
857,13,10,12,8,5,11,9,14,6,5,7
858,13,10,12,8,6,11,9,13,6,5,7
859,13,10,12,8,6,10,9,14,6,5,7
860,13,10,12,8,6,10,9,14,6,5,7
861,13,10,12,8,6,11,9,13,6,5,7
862,14,9,12,8,6,10,9,14,6,5,7
863,13,10,12,8,6,11,9,13,6,5,7
864,13,10,12,8,6,11,9,13,6,5,7
865,13,11,12,8,6,11,9,13,6,5,6
866,13,11,12,8,6,11,9,13,6,5,6
867,13,10,12,8,6,11,9,13,6,5,7
868,13,10,12,8,6,11,9,13,6,5,7
869,13,10,12,8,6,11,9,13,6,5,7
870,13,10,12,8,6,10,9,14,6,5,7
871,13,10,12,8,6,10,9,14,6,5,7
872,13,10,12,8,6,11,9,13,6,5,7
873,13,10,12,8,6,11,9,13,6,5,7
874,13,10,12,8,6,11,9,13,6,5,7
875,13,10,12,8,6,11,9,13,6,5,7
876,13,9,12,8,6,11,10,13,6,5,7
877,13,10,12,8,6,11,9,13,6,5,7
878,13,10,12,8,6,11,9,13,6,5,7
879,13,10,12,8,5,12,9,13,6,5,7
880,13,11,12,8,5,12,9,13,6,5,6
881,13,10,12,8,5,12,9,13,6,5,7
882,13,10,12,8,5,12,9,13,6,5,7
883,13,11,12,8,5,12,9,13,6,5,6
884,13,11,12,8,5,12,9,13,6,5,6
885,13,11,12,8,6,11,9,13,6,5,6
886,13,11,12,8,6,12,9,12,6,5,6
887,13,11,12,8,6,12,9,12,6,5,6
888,13,11,12,8,6,12,9,12,6,5,6
889,13,11,12,8,6,12,9,12,6,5,6
890,13,11,12,8,6,12,9,12,6,5,6
891,13,11,12,8,6,12,9,12,6,5,6
892,13,11,12,8,6,12,9,12,6,5,6
893,13,11,12,8,6,12,9,12,6,5,6
894,13,11,12,8,6,12,9,12,6,5,6
895,13,11,12,8,6,12,9,12,6,5,6
896,13,11,12,8,5,13,9,12,6,5,6
897,13,11,12,8,6,12,9,12,6,5,6
898,13,11,12,8,5,13,9,12,6,5,6
899,13,11,12,8,5,13,9,12,6,5,6
